{"meta": "elasticnet-regression", "coef_": [-1.284506748975676, -0.0, -0.3122030803415519, -0.0, -0.0, -0.0, -0.0, -0.0, -0.0, -0.0, -0.0, 0.05095460447031835, -0.0, -0.0, -0.0, -0.0, -0.0, -0.0, 0.0, -0.0, 0.0, 0.0, -0.0, -0.0, -0.0, -0.0, 0.0, -0.0, -0.0, -0.0, 0.0, -0.0, 0.0, -0.0, -0.0, -0.0, -0.0, -0.0, 0.0, 0.0, 0.0, 0.0, 0.0], "alpha": 1.0, "params": {"alpha": 1.0, "copy_X": true, "fit_intercept": true, "l1_ratio": 0.5, "max_iter": 1000, "normalize": false, "positive": false, "precompute": false, "random_state": null, "selection": "cyclic", "tol": 0.0001, "warm_start": false}, "n_iter_": 3, "intercept_": 18.158818049014997}