{
  "meta": "lr",
  "classes_": [
    "Iris-setosa",
    "Iris-versicolor",
    "Iris-virginica"
  ],
  "coef_": [
    [
      -0.4233923688030703,
      0.9616907055653428,
      -2.5194499356140945,
      -1.0860429877147693
    ],
    [
      0.5341046201527638,
      -0.3179357288067099,
      -0.20537313470920993,
      -0.9396012019047604
    ],
    [
      -0.11071225134968667,
      -0.6437549767586281,
      2.724823070323319,
      2.0256441896195305
    ]
  ],
  "intercept_": [
    9.88115849140235,
    2.2193447026395257,
    -12.100503194041952
  ],
  "n_iter_": [
    96
  ],
  "params": {
    "C": 1.0,
    "class_weight": null,
    "dual": false,
    "fit_intercept": true,
    "intercept_scaling": 1,
    "l1_ratio": null,
    "max_iter": 100,
    "multi_class": "auto",
    "n_jobs": null,
    "penalty": "l2",
    "random_state": null,
    "solver": "lbfgs",
    "tol": 0.0001,
    "verbose": 0,
    "warm_start": false
  }
}