{"meta": "kmeans_clustering", "cluster_centers_": [[6.207692307692308, 2.853846153846154, 4.746153846153846, 1.564102564102564], [5.006, 3.418, 1.4639999999999995, 0.24400000000000022], [7.475, 3.125, 6.3, 2.05], [5.508, 2.6, 3.908, 1.204], [6.529166666666667, 3.058333333333333, 5.508333333333333, 2.1625]], "labels_": [1, 1, 1, 1, 1, 1, 1, 1, 1, 1, 1, 1, 1, 1, 1, 1, 1, 1, 1, 1, 1, 1, 1, 1, 1, 1, 1, 1, 1, 1, 1, 1, 1, 1, 1, 1, 1, 1, 1, 1, 1, 1, 1, 1, 1, 1, 1, 1, 1, 1, 0, 0, 0, 3, 0, 0, 0, 3, 0, 3, 3, 0, 3, 0, 3, 0, 0, 3, 0, 3, 0, 3, 0, 0, 0, 0, 0, 0, 0, 3, 3, 3, 3, 0, 3, 0, 0, 0, 3, 3, 3, 0, 3, 3, 3, 3, 3, 0, 3, 3, 4, 0, 2, 4, 4, 2, 3, 2, 4, 2, 4, 4, 4, 0, 4, 4, 4, 2, 2, 0, 4, 0, 2, 0, 4, 2, 0, 0, 4, 2, 2, 2, 4, 0, 0, 2, 4, 4, 0, 4, 4, 4, 0, 4, 4, 4, 0, 4, 4, 0], "inertia_": 46.535582051282034, "n_features_in_": 4, "n_iter_": 6, "_n_threads": 12, "_tol": 0.00011347073333333326, "params": {"algorithm": "auto", "copy_x": true, "init": "k-means++", "max_iter": 300, "n_clusters": 5, "n_init": 10, "n_jobs": "deprecated", "precompute_distances": "deprecated", "random_state": null, "tol": 0.0001, "verbose": 0}}