{"meta": "linear-regression", "coef_": [-1.4289399558685605, 0.01000331187985437, -0.44321435973935075, -9410522775998.326, -9410522776000.123, -9410522775999.395, -9410522776000.701, -9410522776001.1, -9410522776011.857, -9410522775998.98, -9410522775999.762, -9410522775983.52, -9410522776000.959, -9410522775998.797, -9410522776002.27, -9410522776002.166, -9410522776002.371, -9410522776001.139, -9410522775994.832, -9410522775999.025, -9410522775987.66, -9410522775993.578, -9410522776001.941, -9410522776002.287, -9410522776006.463, -9410522776002.812, -9410522775992.479, -9410522776003.309, -9410522776001.557, -9410522776003.02, -9410522775995.281, -9410522775998.387, -9410522775989.293, -9410522776002.557, -9410522776003.506, -9410522775998.379, -9410522775998.572, -9410522776003.545, -9410522775981.879, -9410522775988.338, -9410522775988.678, -9410522775993.627, -9410522775994.58], "intercept_": 9410522776016.283, "params": {"copy_X": true, "fit_intercept": true, "n_jobs": null, "normalize": false}}