{"meta": "lasso-regression", "coef_": [-1.2940832056353995, -0.0, -0.21920653722600958, -0.0, -0.0, -0.0, -0.0, -0.0, -0.0, -0.0, -0.0, 0.0, -0.0, -0.0, -0.0, -0.0, -0.0, -0.0, 0.0, -0.0, 0.0, 0.0, -0.0, -0.0, -0.0, -0.0, 0.0, -0.0, -0.0, -0.0, 0.0, -0.0, 0.0, -0.0, -0.0, -0.0, -0.0, -0.0, 0.0, 0.0, 0.0, 0.0, 0.0], "params": {"alpha": 1.0, "copy_X": true, "fit_intercept": true, "max_iter": 1000, "normalize": false, "positive": false, "precompute": false, "random_state": null, "selection": "cyclic", "tol": 0.0001, "warm_start": false}, "n_iter_": 3, "intercept_": 17.955997905385047}